parent_url,stream_url,stream_type,timestamp,screenshot,page_url,confidence,match_name,description
https://antenavenus.store,blob:https://andrenalynrushplay.cfd/093d87b6-2035-4145-ac3d-fcf3c59daa37,video,20250705_192654,,https://antenavenus.store,0.5,Wimbledon 2025,
https://antenavenus.store,https://antenavenus.store/channel/exY3VzdG9tU2FsdDgxNjAxNDM=,iframe,20250705_192739,,https://antenavenus.store,0.5,Wimbledon 2025,
https://antenavenus.store,https://antenavenus.store/channel/exY3VzdG9tU2FsdDgyMTEwMzk=,iframe,20250705_192801,,https://antenavenus.store,0.5,Wimbledon 2025,
https://antenavenus.store,https://antenavenus.store/channel/exY3VzdG9tU2FsdDgxODA2MTI=,iframe,20250705_192823,,https://antenavenus.store,0.5,Wimbledon 2025,
https://antenavenus.store,https://antenavenus.store/channel/exY3VzdG9tU2FsdDgxOTEyNjk=,iframe,20250705_192845,,https://antenavenus.store,0.5,Wimbledon 2025,
https://antenavenus.store,https://antenavenus.store/channel/exY3VzdG9tU2FsdDgyMTE0Njk=,iframe,20250705_192907,,https://antenavenus.store,0.5,Wimbledon 2025,
https://antenavenus.store,https://antenavenus.store/channel/exY3VzdG9tU2FsdDgyMTY3MzY=,iframe,20250705_192929,,https://antenavenus.store,0.5,Wimbledon 2025,
https://antenavenus.store,https://antenavenus.store/channel/exY3VzdG9tU2FsdDgyMjI2NDM=,iframe,20250705_192952,,https://antenavenus.store,0.5,Wimbledon 2025,
https://antenavenus.store,https://antenavenus.store/channel/Sportklub3[RS],iframe,20250705_193014,,https://antenavenus.store,0.5,Wimbledon 2025,
https://antenavenus.store,https://antenavenus.store/channel/exY3VzdG9tU2FsdDgwMTE2MzY=,iframe,20250705_193036,,https://antenavenus.store,0.5,Wimbledon 2025,
https://antenavenus.store,https://antenavenus.store/channel/exY3VzdG9tU2FsdDgyMTM0NDg=,iframe,20250705_193058,,https://antenavenus.store,0.5,Wimbledon 2025,
https://antenavenus.store,https://antenavenus.store/channel/exY3VzdG9tU2FsdDgyMTA5NTM=,iframe,20250705_193120,,https://antenavenus.store,0.5,Wimbledon 2025,
https://antenavenus.store,https://antenavenus.store/channel/TSN5[CA],iframe,20250705_193143,,https://antenavenus.store,0.5,Wimbledon 2025,
https://antenavenus.store,https://antenavenus.store/channel/FOXSports1[USA],iframe,20250705_193205,,https://antenavenus.store,0.5,Wimbledon 2025,
https://antenavenus.store,https://antenavenus.store/channel/exY3VzdG9tU2FsdDgyMTEwMjE=,iframe,20250705_193227,,https://antenavenus.store,0.5,Wimbledon 2025,
https://antenavenus.store,https://antenavenus.store/channel/exY3VzdG9tU2FsdDgxNTA0NDU=,iframe,20250705_193249,,https://antenavenus.store,0.5,Wimbledon 2025,
https://antenavenus.store,https://antenavenus.store/channel/exY3VzdG9tU2FsdDgxODA2MTQ=,iframe,20250705_193311,,https://antenavenus.store,0.5,Wimbledon 2025,
https://antenavenus.store,https://antenavenus.store/channel/exY3VzdG9tU2FsdDgyMjI2NDU=,iframe,20250705_193333,,https://antenavenus.store,0.5,Wimbledon 2025,
https://antenavenus.store,https://antenavenus.store/channel/exY3VzdG9tU2FsdDc3NjUyNzI=,iframe,20250705_193356,,https://antenavenus.store,0.5,Wimbledon 2025,
https://antenavenus.store,https://antenavenus.store/channel/exY3VzdG9tU2FsdDgyMjI2Mzk=,iframe,20250705_193418,,https://antenavenus.store,0.5,Wimbledon 2025,
https://antenavenus.store,https://antenavenus.store/channel/exY3VzdG9tU2FsdDgxNTA0NDg=,iframe,20250705_193440,,https://antenavenus.store,0.5,Wimbledon 2025,
https://antenavenus.store,https://antenavenus.store/channel/exY3VzdG9tU2FsdDgyMjI3NTc=,iframe,20250705_193502,,https://antenavenus.store,0.5,Wimbledon 2025,
https://antenavenus.store,https://antenavenus.store/channel/exY3VzdG9tU2FsdDgyMjI3NTI=,iframe,20250705_193524,,https://antenavenus.store,0.5,Wimbledon 2025,
https://antenavenus.store,https://antenavenus.store/channel/exY3VzdG9tU2FsdDgyMjI3NDI=,iframe,20250705_193546,,https://antenavenus.store,0.5,Wimbledon 2025,
https://antenavenus.store,https://antenavenus.store/channel/exY3VzdG9tU2FsdDgyMjI3NDc=,iframe,20250705_193609,,https://antenavenus.store,0.5,Wimbledon 2025,
https://antenavenus.store,https://antenavenus.store/channel/exY3VzdG9tU2FsdDgyMjI3NDY=,iframe,20250705_193631,,https://antenavenus.store,0.5,Wimbledon 2025,
https://antenavenus.store,https://antenavenus.store/channel/exY3VzdG9tU2FsdDgxNTA0NDk=,iframe,20250705_193653,,https://antenavenus.store,0.5,Wimbledon 2025,
https://antenavenus.store,https://antenavenus.store/channel/exY3VzdG9tU2FsdDgyMjI3NjE=,iframe,20250705_193715,,https://antenavenus.store,0.5,Wimbledon 2025,
https://antenavenus.store,https://antenavenus.store/channel/exY3VzdG9tU2FsdDgxOTU4NDI=,iframe,20250705_193737,,https://antenavenus.store,0.5,Wimbledon 2025,
https://antenavenus.store,https://antenavenus.store/channel/exY3VzdG9tU2FsdDc3NjUyNzM=,iframe,20250705_193759,,https://antenavenus.store,0.5,Wimbledon 2025,
https://antenavenus.store,https://antenavenus.store/channel/exY3VzdG9tU2FsdDgyMjI2NDA=,iframe,20250705_193821,,https://antenavenus.store,0.5,Wimbledon 2025,
https://antenavenus.store,https://antenavenus.store/channel/exY3VzdG9tU2FsdDgyMjI2NDQ=,iframe,20250705_193844,,https://antenavenus.store,0.5,Wimbledon 2025,
https://antenavenus.store,https://antenavenus.store/channel/exY3VzdG9tU2FsdDgyMTEwNDU=,iframe,20250705_193906,,https://antenavenus.store,0.5,Wimbledon 2025,
https://antenavenus.store,https://antenavenus.store/channel/exY3VzdG9tU2FsdDgxNTA0Njk=,iframe,20250705_193928,,https://antenavenus.store,0.5,Wimbledon 2025,
https://antenavenus.store,https://antenavenus.store/channel/exY3VzdG9tU2FsdDgxNTA0Njg=,iframe,20250705_193950,,https://antenavenus.store,0.5,Wimbledon 2025,
https://antenavenus.store,https://antenavenus.store/channel/exY3VzdG9tU2FsdDgxNTA0NzA=,iframe,20250705_194012,,https://antenavenus.store,0.5,Wimbledon 2025,
